{
  "auc": 0.8537523573329199,
  "logloss": 0.4104635347371191,
  "precision@0.5": 0.6559485530546624,
  "recall@0.5": 0.5454545454545454,
  "f1@0.5": 0.5956204379562043,
  "precision@top30pct": 0.580568720379147,
  "recall@top30pct": 0.6550802139037433,
  "f1@top30pct": 0.6155778894472361
}